,Cell cycle,DNA repair,Hypoxia,Glycolysis,EMT,IFN response,Antigen presentation,Myeloid inflammation,RLP3_RLP4_combined_score,Rloop_program_group
TCGA-2V-A95S,0.7019963084417995,0.5595602850674993,-0.27872303752315797,0.014467525316344425,0.006433858747903636,2.342492030787438,2.0671285932274737,1.4309943471201167,0.44485326476693277,R-loop-program-high
TCGA-2Y-A9GS,1.0755217058518267,1.3913337038293343,-0.051747661863687885,0.40478407073874373,0.544464037252269,0.6143779862561686,0.3814726929062407,0.7613342708112826,1.209000988571189,R-loop-program-high
TCGA-2Y-A9GT,-0.7608286189714878,-0.3382582447257378,7.664407384786217e-06,-0.6571786034875347,0.027636503925148003,0.6600918747080252,1.4909928339748795,0.4642907382464925,-1.2068844018473643,R-loop-program-low
TCGA-2Y-A9GU,0.17630872121357466,-0.3782764412333202,-0.38743490601153163,0.050544463852563566,-0.4892097920701348,-0.29227217795115923,-0.8870534869609639,-1.124038867115932,-0.3824895387600515,R-loop-program-low
TCGA-2Y-A9GV,-1.0937942729975147,-0.49901213805609335,-0.006549883850520273,-0.5615755299774747,0.3574249332263659,0.07063424970799992,1.236793695071779,0.6287804681404521,-0.6177391265587572,R-loop-program-low
TCGA-2Y-A9GW,-0.3261021436629403,-0.17629265360596852,0.011543547966595426,0.11336078027989051,0.5320934012321064,0.15912927357849638,0.6865269786148858,0.8240741935322319,-0.47115100041845115,R-loop-program-low
TCGA-2Y-A9GX,-0.22555174028983532,0.2184921458522831,-0.1762994598092868,-0.04807326353893636,1.242438312754278,0.005606885512802112,0.7194872114159594,0.9236251348344486,-0.2768795698172776,R-loop-program-low
TCGA-2Y-A9GY,1.241281349083782,1.1177014715618656,1.004804068443799,1.3242118620830767,0.24252826480291734,0.2988984643878587,0.6112319323075924,2.355274541314064,1.6141461009394633,R-loop-program-high
TCGA-2Y-A9GZ,-0.38438517160603886,-0.3878268519735978,-0.023812404916489473,-0.600424944391763,-0.07327678352340196,-0.6115502102483806,-1.3084894608572568,-1.1117497666407878,-0.3636457130931003,R-loop-program-low
TCGA-2Y-A9H0,1.3763750579333718,1.0655610308182621,1.0514481083869442,0.9671993742531225,-0.3008509963112458,0.6033277649945992,1.6648910984111398,0.30196618968318156,0.649224082572133,R-loop-program-high
TCGA-2Y-A9H1,-1.490248075025246,-1.3284582062005537,-1.1348834797736436,-1.060700511397811,-0.8379369057264303,0.010381220583071782,-0.27760281781261203,0.12172026539644164,-1.5945714781168159,R-loop-program-low
TCGA-2Y-A9H2,0.6086515102375426,0.9731544594252093,0.338210556941276,1.1727096790153717,-0.02574601836084985,0.8141204884664365,1.4138303414376487,0.5607390215885393,1.197617393686122,R-loop-program-high
TCGA-2Y-A9H3,-0.6488742238997729,-0.8208317961850897,-0.8140891962824448,-0.39081583898654204,-0.4908361937083224,-0.32268319796814915,-0.006659950474714992,1.4005559213783525,-0.8761046591358069,R-loop-program-low
TCGA-2Y-A9H4,-0.1448016102911509,-0.04009928763489715,-0.13968023712645497,-0.4316254948365499,-0.42053412735125384,-0.12464892536532576,-0.005652155242837734,-0.011124099825604382,-0.35735340985665964,R-loop-program-low
TCGA-2Y-A9H5,0.021349226610280648,-0.05597529713950611,-0.444388854077721,-0.5641566691025808,0.2603021511681509,0.007433076705361426,-0.08189909961634374,-0.7604739084968325,-0.16954007669478954,R-loop-program-low
TCGA-2Y-A9H6,-0.5678807035945262,-0.3322338448907011,-0.47122977039856945,-0.47205523840201935,0.24326742925834693,-0.6449337937831032,-0.3207388182459266,0.3539138276746022,-0.45654167234913695,R-loop-program-low
TCGA-2Y-A9H7,0.24929339723828772,0.0057741014282579935,-1.0308497577813622,-0.8439817397372097,-0.2368752091818743,-0.47892718858495886,-1.4613855536756393,-0.8613383040468786,-0.0480234747937759,R-loop-program-low
TCGA-2Y-A9H8,0.6307907014556665,-0.12579539188701463,0.49420663322478386,0.20766077565368035,-0.44703332964875325,0.9120755393436668,0.4344684202608215,0.18596210971269214,-0.07397126350548576,R-loop-program-low
TCGA-2Y-A9H9,-0.19327201297044996,-0.058352229916355455,0.14035207787447534,-0.054484948573347146,-0.36877945351138597,0.581338954701914,0.25128011176855464,-0.24642199987192534,-0.06554869015086498,R-loop-program-low
TCGA-2Y-A9HA,0.2984288865001845,0.32186594412024866,0.4700915551948672,0.39135307078014014,0.08572807477123418,0.9321876199045935,-0.2925443498818955,-0.0506813017771576,0.7131004100953963,R-loop-program-high
TCGA-2Y-A9HB,-0.44155587924252815,-0.3590670257218097,-0.43225752907156645,-0.10950969979200996,0.10522211995204955,1.7224320739336179,1.4797456853289022,0.2854655951390674,-0.09426693647945056,R-loop-program-low
TCGA-3K-AAZ8,-1.074807577852358,-0.5490210740664752,-0.15450019624038086,-0.7007662230336412,-0.40568129698672384,2.310693045996983,1.7483987670793073,-0.6372584615058826,0.23474525890325973,R-loop-program-high
TCGA-4R-AA8I,0.21974718681401442,0.5124933898618778,0.4982394385272176,0.13126046657404664,-0.12256228834559771,1.2010576796311132,0.9464803866897952,-0.2036981394385303,0.49635185154941036,R-loop-program-high
TCGA-5C-A9VG,1.1034112095291215,1.273109794102947,0.27296998441261755,0.9103743218404011,0.1203929511318052,-1.3203105789978093,-1.8034088596276407,-0.43697459321422216,2.0155503322181887,R-loop-program-high
TCGA-5C-A9VH,0.110080251709176,0.0634839919589455,-0.29144192772347893,-0.27416890756357964,0.387583319702302,0.5335403757101,0.7062058778320893,-1.2146158999787349,0.3939069126406563,R-loop-program-high
TCGA-5C-AAPD,0.9775954082725701,0.5862493293068491,0.1336389534033763,0.4378154989765117,-0.03681168497444008,0.6943375350154181,0.7654902347870568,1.474823287942151,0.47003191479604256,R-loop-program-high
TCGA-5R-AA1C,-0.2384318695592493,0.04088171959578111,-0.004957278229442524,0.07906334681487143,-0.20490119906355,0.049898727272152416,0.9165480924395686,0.04681702190782927,0.659668144056761,R-loop-program-high
TCGA-5R-AA1D,-1.077993025144974,-0.579201513081141,0.13275678721101286,0.7597144384960384,1.2025027032511286,-0.8659402915189451,-0.1980788803177691,0.43769132574582326,-0.35225830903244504,R-loop-program-low
TCGA-5R-AAAM,-0.9948764834247885,-0.7152814653615419,-0.03023161863931487,0.13769883548822395,0.607696946840152,-0.513989137143243,-0.09758474412995266,1.1276798656701938,-0.44787335251833543,R-loop-program-low
TCGA-BC-4072,1.0188313971052403,1.0531349551931648,0.6855975006679647,1.2722147652277611,0.6050855686161987,0.7006919972151153,1.143733120839401,1.0891078002669468,0.8733214476572504,R-loop-program-high
TCGA-BC-4073,0.8261844269485102,0.7760964211852533,1.991975405345702,2.167822487503852,0.8221080620488387,0.06651156615211906,1.1476304738603142,1.2229369297253392,0.7798219694672203,R-loop-program-high
TCGA-BC-A10Q,-0.4126921847323752,-0.36533416022805065,0.4978060159319609,0.6684863764418734,-0.04727220701982923,-0.46275403685547367,-0.27337622578087795,-0.11169273401799354,-0.42920530057122436,R-loop-program-low
TCGA-BC-A10R,-1.548257546929329,-0.8501784292929505,0.06522809049589645,-0.31814177215109407,0.054613004266771625,-0.42004650056044723,-0.8696206218093684,0.2894472454088804,-1.2733999476999107,R-loop-program-low
TCGA-BC-A10S,-1.355876268748042,-1.1205735698316484,-0.08152746315201131,-0.20306291447232586,0.360419810907912,-0.4472598091996591,-0.3514854344064915,1.2441139106506596,-0.4481856871170177,R-loop-program-low
TCGA-BC-A10T,-1.0233802865460817,-0.761240340196286,-0.24587766736758424,-0.6030274085819253,0.29662559472406624,-0.6680686518062644,-1.2011543443116512,-0.17572810514915738,-1.0559413082186684,R-loop-program-low
TCGA-BC-A10U,-1.1975430226619224,-0.5963975775239578,1.1194602402744962,0.8309164610983325,-0.08790288507570208,-0.8304744648062012,-0.6791827915333919,-0.2342812532635587,-0.7094975486441499,R-loop-program-low
TCGA-BC-A10W,-0.08320707201437522,0.03462354511324982,0.396902653326789,0.31277549977786934,0.12811054516515538,-0.5837054556666474,-0.196036469721297,0.7777098779564589,-0.04222965267048148,R-loop-program-low
TCGA-BC-A10X,-1.439924613075622,-0.8987552865682928,-0.1001146690310947,-0.5882939086323156,0.32023282780766427,-0.08802489928678174,-0.7280716648550047,0.23110048806267147,-1.3748947441449526,R-loop-program-low
TCGA-BC-A10Y,-0.45849137234547377,0.11502727243552476,-0.15000387256619951,-0.6156226388084166,-0.05484533512072062,0.23594526999449938,-0.08290269470744635,0.1563278611458678,-0.44844120975328655,R-loop-program-low
TCGA-BC-A10Z,-0.9116017343323745,-0.49673448055092384,0.2097460380585129,-0.2589974964996093,-0.18471754088835876,-0.4750250366728508,-1.016233697207227,-0.8847254754495488,-0.3954143488900264,R-loop-program-low
TCGA-BC-A110,-1.9431689696158452,-1.1456737844099039,0.17420268110199932,-0.17699111491953579,-0.0051967585223030395,-0.11340873833970469,-0.5912940542073605,0.6747782526933856,-1.3268347391349113,R-loop-program-low
TCGA-BC-A112,0.474789639657378,0.735365512063051,0.5378886004678323,0.8485533468541792,0.9188642278437023,-0.3867907651734955,-0.3627913005664145,0.220311593185081,1.4813753106080612,R-loop-program-high
TCGA-BC-A216,0.22189528002772055,0.10730943205814522,0.025133994944321322,-0.17783612135837695,-0.18914891842223136,-0.436043100204877,-0.2409622381650053,0.22974523258952975,-1.035816661521526,R-loop-program-low
TCGA-BC-A217,1.1194677271958235,1.4466171299026098,0.6786946032046522,0.3154745598115853,-0.0978516761297194,0.8323996192183274,0.7817783853430976,0.41825709475257583,1.0588245419913367,R-loop-program-high
TCGA-BC-A3KF,0.28007395073474917,0.007099895489377584,-0.21755940444650942,-0.19410895691773555,-0.0502492919775278,0.2617255984056013,0.25185594668868944,-0.8096099740222473,0.33051547180248264,R-loop-program-high
TCGA-BC-A3KG,1.7161984852931937,2.15964701957157,0.43523885036623144,0.4191497681159453,-0.08292552475240877,-0.1309481828708208,-0.05602034778019168,-1.1820729762614466,1.4637225171725214,R-loop-program-high
TCGA-BC-A5W4,-0.45959962060120285,-0.7006554659945596,0.026044345995896653,-0.3637849308671688,-0.9615831285737121,0.16776358668096908,-1.1614696234084654,-1.6449660297152655,-0.37952039008437166,R-loop-program-low
TCGA-BC-A69H,1.0980788147186344,0.18424391492116604,0.4971397226622582,0.8821760272600276,-0.4111357216443067,-0.8222946757448745,-0.8775354768736702,1.1023768809578196,0.5217179531145644,R-loop-program-high
TCGA-BC-A69I,-0.9568349388903156,-0.9111001751473211,-0.124526678353414,-0.4363388090206875,0.022829008089325933,-0.4486881309597467,-0.15573388267427202,0.023848158993199288,-0.8016852461133012,R-loop-program-low
TCGA-BC-A8YO,1.5372246157473584,1.4589539668094598,1.0564404651932362,1.1552112430694725,0.6242464841913162,0.37809291963545955,1.2478249598692897,1.058132170797166,1.4327422338220674,R-loop-program-high
TCGA-BD-A2L6,-0.2566806347181269,-0.27073035513590743,-0.3744381932631302,-0.6092068066456302,0.04604229048425654,-0.3188506430453701,0.33626957668544144,0.9345386753050628,-0.850301661003686,R-loop-program-low
TCGA-BD-A3EP,-1.1372279012838395,-0.6581019977058646,-0.09716469631063832,-0.12711475361182414,0.18529895219555417,-0.5906914506865462,-0.4959894093016398,0.5838539530115904,-0.7091278453035639,R-loop-program-low
TCGA-BD-A3ER,-0.8230943468949157,-0.7177395415549208,-0.2968457407809335,-0.12134242771912634,0.4348531933466535,-0.31657262277910614,0.0030870200651410946,-0.07047797312833828,-0.6280202026214472,R-loop-program-low
TCGA-BW-A5NO,0.028418257432807157,0.282653740909816,0.07291334342289778,-0.28527292528250603,-0.06759471065870093,0.6316574158459192,0.31312288868334137,0.0966146837924764,0.3593589738256162,R-loop-program-high
TCGA-BW-A5NP,0.7395172336478453,0.825385805571563,0.6233131926280391,0.14815954657930913,-0.383786855620319,-0.15995307951709592,-1.2876424297720876,-1.1613105456187203,1.1655599720865786,R-loop-program-high
TCGA-BW-A5NQ,1.604792057423735,1.7995220817673008,0.1173268845937477,0.5901622245604093,-0.15739459965104896,0.9766350659518748,1.1354776786725065,1.3402749882564038,1.8462037337566208,R-loop-program-high
TCGA-CC-5258,0.9204556167986356,1.0081654960827473,-0.013168925705910982,0.48557426887338756,0.7336921914766519,-0.22473593542072529,-0.8787740866170852,0.38897091400162664,0.7569999919429868,R-loop-program-high
TCGA-CC-5259,0.17287230204477944,-1.486314325726506,-0.2593625769705368,-0.4122527764872823,-0.9764822445945475,-0.5961352822845248,-0.18996464238833813,-0.8407251707130738,-1.8928493017295818,R-loop-program-low
TCGA-CC-5260,0.790165028055397,1.5729148336655345,0.7031001671866074,1.4657211312861422,0.70320939236731,0.2673603780111782,0.6348027880256905,0.9901405308263056,1.289642654957112,R-loop-program-high
TCGA-CC-5261,1.0809867833672397,1.0475594037428535,-0.1673105362652679,0.045026916098224797,1.2525016309822057,-0.1879307705705837,0.406162318840103,0.13188646324030445,0.7859083871257897,R-loop-program-high
TCGA-CC-5262,0.6528917106482551,-0.045800310453426696,0.15448656298018604,0.35314197388655333,0.7404974903871977,0.6854188457577097,0.47050647119348715,0.9072505031792384,0.25705989766324533,R-loop-program-high
TCGA-CC-5263,1.7834705473810557,1.618349648082729,2.476835048434882,2.7163072371991994,0.7593673188159442,-0.4329091228800381,-0.17725207628748127,0.8472479041550428,1.5841767768452135,R-loop-program-high
TCGA-CC-5264,1.782978417987175,1.5225109924108702,1.3381650226863917,1.361997906477455,0.20205459791470304,-0.9026037862849559,0.5300576600893926,-0.29905926069658295,1.2367437011437485,R-loop-program-high
TCGA-CC-A123,0.47667854255242653,-0.40317834789478935,-0.8586455583235897,-1.2820076420553035,-0.41294280120365395,-1.6123104935901895,-1.3526977626196266,0.13147206625317442,-0.5176343721697205,R-loop-program-low
TCGA-CC-A1HT,1.6763253887257912,1.745584901376418,0.9735902757429084,2.0235442009806235,1.0371421179354052,1.899265411000522,2.4755081510725754,2.483064329267631,1.945354580903308,R-loop-program-high
TCGA-CC-A3M9,2.4929552329321685,1.709885988094585,1.4105834579173335,2.6162923560681772,2.5448218098337065,0.8345299432321521,2.0226425136760477,3.599975525403281,1.940820955993241,R-loop-program-high
TCGA-CC-A3MA,1.3597464409227724,1.4444243094655345,0.2893752565203751,0.9276012615429922,1.5055109155047277,-0.7389786467094244,0.679565622493059,-0.04906547335209023,1.1755560638342906,R-loop-program-high
TCGA-CC-A3MB,1.3537991928303135,1.3334017791289976,0.5242593009474097,0.4965265064565573,0.2411528910721542,-0.3364531650703101,-0.1469939941999015,-0.43659543050844396,0.9983289627967815,R-loop-program-high
TCGA-CC-A3MC,0.7834987444468631,0.1647498820126176,0.3787672054984457,0.8738943872121351,0.577756578743214,-0.4613375626667579,-0.07710424380443379,-0.32049868137648535,0.2166078800903628,R-loop-program-high
TCGA-CC-A5UC,1.2413353552917992,0.883253179471596,-0.18804963225455162,0.03661759859294196,0.3691648373960343,-0.7577174220800684,-0.65520663451156,0.22193125251863371,0.7909829385281462,R-loop-program-high
TCGA-CC-A5UD,1.7683390164507116,1.2327050606539962,-0.08921597520177352,0.8810523565812479,0.4137475055748633,-0.17284842407843576,0.4265997711445655,-0.08747884992367835,1.2933326618494867,R-loop-program-high
TCGA-CC-A5UE,1.3433174058710986,0.8412057650265247,0.6596650685530271,0.7357782319601794,-0.13244263117546917,-0.00982374554998397,-0.6235700786629851,0.06878848642176594,1.117946410149142,R-loop-program-high
TCGA-CC-A7IE,1.0040502239744784,0.7300419009339201,0.538154354243781,0.7343026903541501,0.4327465623360983,-0.3660786295713493,-0.6705289832198017,0.8204691672350115,0.7650443145424988,R-loop-program-high
TCGA-CC-A7IF,0.5009573587677815,-0.04473488318241418,-0.36412488034654167,-0.5026820419514229,-0.30253100263762256,-0.21126855804702152,-0.4367630854496681,-0.8811148188458304,-0.3514532164365422,R-loop-program-low
TCGA-CC-A7IG,1.6788014536321576,0.5687537588983149,0.3004098207453541,1.1022576293189497,-0.3098721683646103,-0.33654871488858407,-0.3284467252759552,0.5243803068805915,1.060328250454175,R-loop-program-high
TCGA-CC-A7IH,-0.0879532820721409,-0.2603805211247368,0.09951112845392673,-0.559953040452064,-0.1161059453087475,-0.42627139594896246,0.3250552773003868,-1.1620279738524748,0.3398155545899636,R-loop-program-high
TCGA-CC-A7II,1.9492479633295525,1.6544471024700076,1.042191649972772,1.940463747341055,0.7433125000903773,-1.2047312848857674,-1.6682043004116187,0.011788761442402061,2.306778469387219,R-loop-program-high
TCGA-CC-A7IJ,2.1594669088463836,1.4744132140637103,0.6307779503760748,1.9909031827848378,1.9185439955807502,1.023938358481646,1.734602716140443,2.3641906986299794,1.7570635271981334,R-loop-program-high
TCGA-CC-A7IK,0.8499017580107687,0.764015883569524,-0.03255577352416667,-0.007445942274183295,0.3013188331245138,0.06970425436908406,-0.39009374720195594,-0.869256005069908,1.045116093629124,R-loop-program-high
TCGA-CC-A7IL,-0.08098622431322239,-0.37263657145407736,-0.256310530018543,-0.6568646316340447,-0.9508579980666663,-0.30975426698592595,1.045242627827234,-1.710541243532679,0.084046796404538,R-loop-program-high
TCGA-CC-A8HS,1.4067175708674726,1.4741472418262356,-0.5132829566945383,-0.7222339890150653,0.46970351353817175,-0.37437952993779844,-0.8545653516045328,-1.2285444006260304,0.919087660015842,R-loop-program-high
TCGA-CC-A8HT,1.5172491742188934,1.3860056992173448,0.967440247164341,0.9918031917326837,0.46023402182233575,0.08360385371471435,-0.018352655953516907,0.8473978828591358,1.1650515828761188,R-loop-program-high
TCGA-CC-A8HU,1.5856745292931018,0.9711654792639548,0.58415114839989,0.8557819191356996,-0.2696443919296112,-0.21426574715306052,-0.19481957147696569,-0.13004067809916064,1.1560525796507057,R-loop-program-high
TCGA-CC-A8HV,0.8082457035043366,0.39497221167870866,-0.21451519451301568,0.010346638764971501,-0.20023511920911574,0.17854571858322205,-0.7347111170399971,-2.0561820737221463,0.5355684868657651,R-loop-program-high
TCGA-CC-A9FS,0.08980614654317544,0.13256055565508457,0.09824204440634866,-0.37418572181684606,-0.21188218278858215,-0.05313928424652056,-0.4726768957212529,-0.1630963600664584,-0.14754807078333973,R-loop-program-low
TCGA-CC-A9FU,1.4598225758507077,0.9401699205481062,0.33613191945262366,0.3126377721589827,-0.4057062525890116,0.16960849347598922,-0.7415860501631769,-0.701612224421114,1.215788204128065,R-loop-program-high
TCGA-CC-A9FV,-0.956071863444171,-0.173120878726428,-0.5172517998021301,0.9910139645772083,0.890819935722258,0.11779154910138429,1.0009732346764464,2.9154194218737888,0.06884842779497147,R-loop-program-high
TCGA-CC-A9FW,0.4394996138522757,0.22787031636929003,0.4684592399910294,0.6962454449878599,-0.2742999457828013,-0.3893442107860858,-0.6948967714184258,-0.6385061819092553,0.7910215931038684,R-loop-program-high
TCGA-DD-A113,-0.7355301274945788,-0.41231014919845876,0.01713589745637815,-0.2333252881103718,-0.1964482664227315,-0.5148669481152881,-0.8074550894111038,-0.21963095270022653,-0.9753886819146753,R-loop-program-low
TCGA-DD-A114,0.28180805349673793,0.734063056848393,0.009424644394308358,0.3274223739926704,0.5888847689762913,1.83633064101606,1.5302990569954018,1.1925093048502795,0.04694702441593057,R-loop-program-high
TCGA-DD-A115,0.5372244453224209,0.2104464870200861,-0.005372630714720667,-0.2866503124479741,0.10131764855808521,0.0801092742224901,0.2924424844766071,-0.24422858787745544,-0.41518913904824095,R-loop-program-low
TCGA-DD-A116,-0.8376512447196096,-0.8681236065730964,-0.4124501466861662,-0.4283997776003501,-0.40825327636460346,-0.0939276742582624,-0.5525699022022088,0.21445750795739452,-1.1699106691410108,R-loop-program-low
TCGA-DD-A118,-0.7109124492094011,-0.8422728185005128,-0.04037981531441028,-0.23176299675373865,-0.4622772825756607,-0.9748964331145631,-1.132213150607907,0.2947149412450388,-0.822641944286759,R-loop-program-low
TCGA-DD-A119,-1.1994672890122036,-1.028639849904875,-0.08019566781436366,-0.5293134883618529,-0.15635843256479476,0.029880676118853963,-0.2773626875666965,0.3676145293163322,-1.1802164597987388,R-loop-program-low
TCGA-DD-A11A,-0.932319074016758,-0.362305378033841,-0.014213399547329864,-0.2165568677494419,-0.07673245680980903,-0.820966291117682,-0.5379300374296024,-0.08775449936504631,-0.7796622444367725,R-loop-program-low
TCGA-DD-A11B,-1.08428382273607,-0.6510612490419957,-0.3199909876605729,-0.6657208714113633,-0.2241374071105281,-0.4384162250937537,-1.0134284596693617,-0.9344124699410855,-1.3802387585918916,R-loop-program-low
TCGA-DD-A11C,-0.5511891802676954,-0.15403352888258118,-0.2600323012217516,-0.65254515121307,0.11802542719703475,-0.35775443171729476,-0.20545944367457394,0.10299885194987522,-0.8420796321541473,R-loop-program-low
TCGA-DD-A11D,-1.3002481509938626,-1.1886802320799366,-0.0567252564115805,-0.45913437188698913,0.05500441152592549,1.3376335885013295,0.389846347491043,-0.27156470164261237,-1.0928267658461797,R-loop-program-low
TCGA-DD-A1EA,0.0010740392329418064,0.6010733202193076,0.19053397725201315,0.12655857798355064,-0.028590456289638484,0.16552118907578178,0.6426635949308287,0.24199881949982605,0.23401424217015593,R-loop-program-high
TCGA-DD-A1EB,-1.4712053352340428,-0.9367869499331398,-0.3427259853967686,-0.6143823235524063,-0.34372910118266453,0.04777926668664387,-0.09317063760870228,-0.25184850441576523,-1.0788551461149778,R-loop-program-low
TCGA-DD-A1EC,-0.885317851578187,-0.1339316543856789,0.2180339569450483,0.18004110841493404,-0.08988472835659815,0.009595121990262107,0.4885805221695069,1.2986189236296906,-0.6987624876043652,R-loop-program-low
TCGA-DD-A1ED,-1.7769078256326087,-0.8980763155727537,-0.03206506642943164,-0.11663657555862324,0.07646178046179837,-0.7399675782464172,-0.15319953481496157,0.5146655151974705,-1.2845634070230507,R-loop-program-low
TCGA-DD-A1EE,-0.9508978719992472,-0.24339351013479535,-0.016174923158006036,0.1543210330321554,-0.07681987507051952,0.6609797991488813,0.28022155171654417,0.3553134315486006,-0.5305293564127588,R-loop-program-low
TCGA-DD-A1EF,0.3368359779637894,0.6302247851963956,-0.3157433516894402,-0.3954498685535268,0.0094034268160639,-0.35815223597522056,-1.120757279062627,-0.11690723070525767,0.7799979074778198,R-loop-program-high
TCGA-DD-A1EG,-0.8389725494480577,-0.5568850906652211,-0.22655079111651777,-0.23216860974674136,0.20822007845349286,0.6550633810331191,0.13281329449821416,0.893205200618657,-0.7317582170740977,R-loop-program-low
TCGA-DD-A1EH,-0.6649816574139048,-0.41323165845903914,-0.4497666618920906,-0.9398377201828918,0.06303043057138204,-0.34481510822677414,-1.2154984576767625,-0.294034346144957,-0.8394579811643548,R-loop-program-low
TCGA-DD-A1EI,-0.5069248421465617,0.05308757098070001,-0.24947049094674412,-0.3387660493836669,0.2560484098658795,0.24125720422784838,-0.36836927659429275,0.134088539868607,-0.5988283864799441,R-loop-program-low
TCGA-DD-A1EJ,-0.53852405285709,-0.027362886994989233,0.29266917931117764,0.06586098247587042,-0.23196401043196987,-0.24226774058400513,-1.5391321535481237,0.7543518239850442,-0.06319011272631221,R-loop-program-low
TCGA-DD-A1EK,-0.3957703612192415,-0.6008605232719461,0.7222429277514962,0.5739928551446123,0.1590849225260484,-0.43779380509846305,-0.18958847078085686,0.5863564297996298,-0.7084691528813265,R-loop-program-low
TCGA-DD-A1EL,-0.22904124372237902,0.31435955418538064,0.06682973963181556,0.3675317013512117,-0.14901507970494032,0.27755994534547557,-0.11881782363071111,0.5715579472824304,0.17777658459626952,R-loop-program-high
TCGA-DD-A39V,-0.9835676769882018,-1.0962667078855666,-0.3270153814353545,-0.5538665733707043,-0.5979986579023687,-0.4989763056772835,-0.31004705509156766,0.7336265547562668,-1.190208728171703,R-loop-program-low
TCGA-DD-A39W,-1.5125707601109262,-0.9368709070222689,-0.4456917245854868,-0.8828930623733875,-0.354053826693668,-0.44166377966508685,-1.159141218779347,-0.40528968531951376,-1.0026493685256033,R-loop-program-low
TCGA-DD-A39X,-1.1415053190406335,-1.322856246501305,-0.535726282137516,-0.5041682546550669,-0.43333063730497945,-0.47255885698611144,-0.7644091700895368,0.19002960112338213,-1.0736093604290309,R-loop-program-low
TCGA-DD-A39Y,1.0607888822653342,0.358479507130902,1.2388331276367475,1.4901948218876777,-0.4680848288116205,-0.07626768341443818,-0.24673051946336125,0.0052198896539804585,1.0662233063167998,R-loop-program-high
TCGA-DD-A39Z,-0.6816672776698306,-1.2654978225830171,-0.7497658774982146,-1.0697538136151257,-0.7069310533824925,-0.6478139832324352,-1.1105627298101657,-1.3893065669942581,-1.4889918244243865,R-loop-program-low
TCGA-DD-A3A1,-1.0615422801723924,-1.2270313565579547,-0.04048062340590709,-0.19882836103407936,-0.5770036353186948,-0.3174420840169144,-0.2725639166766089,1.0243088488141976,-1.2705780007316538,R-loop-program-low
TCGA-DD-A3A2,-1.902628309432015,-1.6007887724196213,-0.6056936682329787,-1.0589015254788132,-0.8098789448860765,-0.769072254774881,-1.351307834449455,-0.08129988587461878,-1.7994572033424983,R-loop-program-low
TCGA-DD-A3A3,-1.0095313507828771,-1.2391953653273184,-0.01242912199236956,-0.10663462741510434,-0.6672481534065725,-0.26074754620290685,-0.4462178378923075,0.5107525807217195,-1.3458517964844063,R-loop-program-low
TCGA-DD-A3A4,-1.2874350310696399,-0.8800907015282726,0.2969307972929119,0.12897924548971051,-0.3017937242986447,-0.119628085063399,-0.7575148941636166,-0.23269371827090124,-0.40207185290579306,R-loop-program-low
TCGA-DD-A3A5,-0.9349564863043088,-0.8649648463985182,-0.11983080926046459,-0.7357156647413301,-0.6331016274545015,-0.3082253004165314,-1.0388917839203802,-1.128935277881428,-1.1761256858610152,R-loop-program-low
TCGA-DD-A3A6,-1.633373802367349,-1.6783316782775142,-0.9183207416669901,-0.8489382792846836,-0.21307255736654884,-0.992803122618408,-1.2848990948296284,-0.7869902569304985,-2.5259219310437384,R-loop-program-low
TCGA-DD-A3A7,0.37442025329173406,-0.6703748262973843,-0.1273012023364395,-0.16524163431997702,-0.7765694795023974,-0.5782231411230763,-0.3413233983412461,-0.7931555024482487,-0.761202435804536,R-loop-program-low
TCGA-DD-A3A8,-1.4293323782453364,-1.3222605220484698,-0.50979967104199,-0.6868500204250307,-0.54483165321621,-0.6199561016266755,-0.7111294751320537,-0.7116247273919571,-1.554125062305959,R-loop-program-low
TCGA-DD-A3A9,-0.36332443764562766,-0.6998678521629583,-0.24865953455229306,0.029704387749361443,0.6961237069698777,-0.6483425394823632,0.43730239969683243,-0.0018385548014209253,0.05065680372232295,R-loop-program-high
TCGA-DD-A4NA,0.16337135322624805,0.9378895446274562,1.9488248072982906,2.338217990508912,1.2852089054852298,-0.19824821034211115,1.5066165459601297,0.4962863505675126,0.8117705504712227,R-loop-program-high
TCGA-DD-A4NB,-0.8456589798085283,-0.21319211819346062,0.5120711813184518,0.6974727944823402,1.2288531802029135,-0.9408685972454716,-0.07454452574588458,0.0944150684582782,-0.3918423659188249,R-loop-program-low
TCGA-DD-A4ND,0.4873273144927451,0.365754637433253,-0.07734700035602533,-0.075674337356748,1.0902242844123378,-0.08172690267977302,0.06031318345087993,0.5707669883250661,-0.12844680964319644,R-loop-program-low
TCGA-DD-A4NE,1.4099875998121987,0.5513981213265452,0.1555684533098269,0.03646885992175611,0.05503710409463425,-0.9521778757684215,-0.9118434654515616,-1.2936748102874613,0.45309360246906916,R-loop-program-high
TCGA-DD-A4NF,-1.4219530382716206,-0.5349028676687215,0.19074620344090384,-0.23072041379833427,-0.04601568632654887,-0.42018855567231267,-0.9083196853611483,-1.2248076620698365,-0.05193316497745759,R-loop-program-low
TCGA-DD-A4NG,-0.25017863095119225,-0.3383243722214926,0.026200936342449157,-0.17805608191402467,-0.16874032436945618,-0.783485402745294,0.03516332038664309,-0.7971273617827406,-0.4162378542932703,R-loop-program-low
TCGA-DD-A4NH,0.7602957840152853,1.1876864406060972,0.9809982178098492,0.7832015968825898,0.7884383965016397,-0.2491047685189537,0.9894585520011187,-0.012949835392022185,0.44161663431768305,R-loop-program-high
TCGA-DD-A4NI,-1.2720912940363716,-0.5813854772814601,-0.44962225748144163,-0.9283273371662959,0.0077829474666118266,-0.1975059691605027,-0.20209278028261118,0.21116187286825808,-1.1486974110493324,R-loop-program-low
TCGA-DD-A4NJ,1.082389210978673,1.5047557724461709,0.224606821551766,0.08011683656654786,0.6909585974633192,0.4176590863058469,0.9117931151479903,0.5792852758933505,0.9290398392516755,R-loop-program-high
TCGA-DD-A4NK,-1.109172318028574,-0.7293001986254729,-0.17671508485663626,-0.60136913179376,-0.23087435390422983,-0.6610770682752078,-0.8429464658713345,-0.7587870069992164,-0.4132549356621567,R-loop-program-low
TCGA-DD-A4NL,-1.4949297460118876,-0.9325804195754615,-0.2757172782112191,-0.36706503714454475,-0.05307290037775614,-0.6478720096511313,-0.28350635570519567,-0.37647004697313946,-1.7378080157693372,R-loop-program-low
TCGA-DD-A4NN,1.2630911919427772,0.5079843015510972,-0.13311660881995727,-0.07466078795178886,0.1726592608454703,-0.2799220663489196,-1.4712214257701,-0.878887841485602,1.0038688707566203,R-loop-program-high
TCGA-DD-A4NO,-0.7716968167039089,-0.5410348941471465,0.22997101452905286,-0.04993776800538804,-0.09506931780196597,-0.5221248868971257,-0.10752799381742584,-0.6455164041306997,-0.21171064048636298,R-loop-program-low
TCGA-DD-A4NP,-1.8034228701808508,-1.115771533601211,-0.4453315494221292,-0.558709994187838,-0.7131376302179296,-0.5627582655178014,-0.1798773452139076,-0.13807412037003175,-1.3026104898339712,R-loop-program-low
TCGA-DD-A4NQ,0.8623258831086655,0.7127592364912425,1.7762492986506109,1.9096468164068285,0.38500980832735426,-0.3306494703697972,0.6614873691794468,0.05208491267783208,0.6206940978945548,R-loop-program-high
TCGA-DD-A4NR,0.9236742237421343,1.0032158141386784,0.26847714011390944,0.8117979372030042,0.5284403744307427,1.1251093311932192,1.2312095008738193,1.8466936989214888,0.5839757205801468,R-loop-program-high
TCGA-DD-A4NS,-0.8491138849318154,-0.03237249239815552,0.2511282902297574,0.15254957776016542,1.1973757798068299,0.08167239016387325,0.02082782676246529,0.7983878994134294,0.007539758408936115,R-loop-program-high
TCGA-DD-A4NV,-0.8273619527982337,-0.07413526854363932,-0.27107806447037813,-0.4189648810842386,0.07511533495124995,-0.17246085722172733,-0.3521328736329869,-0.3326578871967803,-0.3841224856734913,R-loop-program-low
TCGA-DD-A73A,-0.4155133740042963,-0.4807809748328767,-0.9880934529220744,-0.9956338630310237,0.17109219676303247,-0.46040439678206857,-0.37065590472173476,-0.30925397956759326,-0.8498131180889741,R-loop-program-low
TCGA-DD-A73B,0.926781623903641,0.3425810898857365,0.37993266492973604,0.46608004868147845,-0.2861484081959636,-1.0406742791739627,0.06410260831945859,-1.3499411015304887,0.34848367633794086,R-loop-program-high
TCGA-DD-A73C,-1.0389779500475305,-0.5647518731232719,-0.33213390654970304,-0.37980855506353894,0.015196540754152579,-0.9784089334859289,-0.1313203772287897,-0.20889984170097176,-0.21990601835262497,R-loop-program-low
TCGA-DD-A73D,-0.6708300357471388,-0.4075636114886369,-0.333501532610433,-1.1395532809122706,-1.0492731922399336,-1.5828902656413857,-1.0862765657413005,-1.9910379788862829,0.17667578417968868,R-loop-program-high
TCGA-DD-A73E,-0.4800349132416948,0.016023552680859567,-0.10955013717150863,-0.7373725246315201,-0.17399371376140918,-0.7058744937359571,-0.6891655415842637,-1.8886497999966234,0.6495948889451977,R-loop-program-high
TCGA-DD-A73F,0.6049667589267395,0.31028926390970435,-0.2341318207259769,-0.269445263700161,0.03805651361026954,0.7873606348762573,1.07561889027414,0.9424521298957685,-0.6324000108503842,R-loop-program-low
TCGA-DD-A73G,0.18336833399648703,-0.7808775926127212,-0.5555733688062172,-0.28565111219138417,-1.4827796702405018,-0.48340442466700473,-1.1431114916190306,0.9590419969366627,-0.7563775311230662,R-loop-program-low
TCGA-DD-AA3A,1.3598892425000728,1.61552436552704,0.9075036718109174,1.5150344861263716,0.817273511032345,-0.7322339788211962,0.8589008321822764,-0.39336296144805094,2.037294396992117,R-loop-program-high
TCGA-DD-AAC8,-0.5017429665214227,-0.3620637546348584,0.5039404223126791,1.01798290531279,-0.271785167714479,-0.5962921064209104,0.11542071270750599,0.5208673235457031,1.2713960117435494,R-loop-program-high
TCGA-DD-AAC9,-1.022575625119927,-1.0491030941803394,-0.43660810702976116,-0.2549486352227772,-0.17258748396684917,-0.25704667961915073,-0.483544302069935,0.3100867029607021,-1.009384422726119,R-loop-program-low
TCGA-DD-AACA,0.4559234519556922,0.4575232618273519,-0.29317381743193127,-0.48419802462925204,-0.14868421763838746,-0.6085688882167849,-0.8884243241089133,-1.475737001549318,0.4839023056485857,R-loop-program-high
TCGA-DD-AACB,0.6477802063927931,0.18751464587546213,0.5068040200409114,0.7561732290596077,-0.20360170332921187,0.876819424206561,1.794835141492878,1.604871665293028,0.9217472819631706,R-loop-program-high
TCGA-DD-AACC,0.49906854966340536,-0.14870201544950185,-0.29785241096994197,-0.10944388454772054,0.13915121530359906,0.41532099656335336,1.5927741005970524,2.1738198152466133,-0.3776494818347129,R-loop-program-low
TCGA-DD-AACD,-0.4437062394089166,-0.8976516707105535,-0.11914401456900475,-0.2943614911910169,-0.7764840440930271,0.861801444435493,1.318266451142355,1.1350637901833547,-0.9454758179161326,R-loop-program-low
TCGA-DD-AACE,-0.542462400363374,-0.4296513351271338,-0.5868414814806703,-0.7046955748358815,-0.34844658382228033,0.10695566895119094,-0.33128763839689973,-1.110694840749119,-0.26900487538000367,R-loop-program-low
TCGA-DD-AACF,0.5738673778611006,0.42292313661808445,0.1357182217530458,-0.16791321974236922,-0.4030170825189776,0.770692260012082,0.23018685811212092,0.5386167125073023,0.31611707626005175,R-loop-program-high
TCGA-DD-AACG,0.8283871028173454,0.3056956989100404,-0.5040679072432961,-0.6609078529144881,-0.4969375861262765,-0.11151311911991993,-0.1597587855799469,0.5187207494634125,-0.027041025171761213,R-loop-program-high
TCGA-DD-AACH,1.485735518962947,1.1286692343113964,1.2765831858833172,1.6439600384580115,0.8367512870312477,-0.07358885708144924,-0.08947471871892392,0.6115956069667645,1.381464061192072,R-loop-program-high
TCGA-DD-AACI,-0.44036015412336516,-0.9732729960175612,-0.1728901959396054,-0.10435282854481472,-0.5480247155742085,0.7661040612021055,0.6374594176983251,1.964042034271245,-0.23078759639460056,R-loop-program-low
TCGA-DD-AACJ,-1.1484757526654645,-1.0636359819522025,-0.38531613376564317,-0.4264683845919275,-0.7104736912033524,-1.1957285870355874,-0.013444027410498707,-0.3269513395816851,0.08564418787482042,R-loop-program-high
TCGA-DD-AACK,-0.030786222796563376,0.11042735237483922,-0.10923321062583652,-0.23611508535599215,-0.12412709315167482,0.09736314083332029,-0.25967891403049537,-0.5900376429446722,0.5838345243546246,R-loop-program-high
TCGA-DD-AACL,1.3912573137124595,0.763693621400152,0.7710790737312052,1.5117454347714512,0.3106190562663834,0.591436066047963,0.5318280520579572,2.2496558068480264,1.3599134055628421,R-loop-program-high
TCGA-DD-AACN,-0.47367664922288744,-0.08016165253342192,0.1684226890153125,-0.3544928932765849,0.576884884778947,-0.12483899755791966,0.02868085867787478,0.1325303592208991,0.7082115918167947,R-loop-program-high
TCGA-DD-AACO,0.3366315867686948,-0.4006459525694918,-0.9184078192631158,-1.4887960790783685,-0.22577254501917882,-0.010644914021894769,-1.105346462976074,0.5095205115767727,-1.0582977760940566,R-loop-program-low
TCGA-DD-AACP,1.7688398021143066,1.4759922711025932,1.164881527905357,1.580626481769844,-0.712900127208979,-0.9414951793806288,-1.033031724797264,-0.37433746010556024,1.5933023582634696,R-loop-program-high
TCGA-DD-AACQ,-0.18379096407325593,-0.2336884405487818,-0.53181604883802,-0.6525694489221686,-0.33252513112457227,-0.18257785988712477,-0.8317980335611972,-2.008199376542712,-0.3160317909142329,R-loop-program-low
TCGA-DD-AACS,0.8563961402270234,1.105584690351732,-0.027353819127840916,-0.3080309095777198,-0.13481538344422875,-0.07873395925864785,-0.2846289845053906,-1.4640520311393288,0.44153875726221903,R-loop-program-high
TCGA-DD-AACT,-0.27658433887711414,-0.6677544956470195,-0.5066679063264984,-0.42307899141922767,-0.36697033397513723,-0.06663563292731989,1.1048874583588983,0.07625314984309135,-0.7767713261139886,R-loop-program-low
TCGA-DD-AACU,-0.3295232000741026,0.03678381918671701,-0.06302234946616692,-0.031279596148849065,0.2768751412270877,1.0662317503263905,0.3748656836147437,-0.2804108031366504,0.5610215357153406,R-loop-program-high
TCGA-DD-AACV,1.4040843476820604,1.3752697714056212,-0.4943071298345914,-0.5638787649345446,-0.47403276237478903,-0.34074827241426087,-1.6631527332685123,-1.3962014334097863,0.5021247176759396,R-loop-program-high
TCGA-DD-AACW,0.847779728961381,0.6203600502889772,-0.5834941006634101,-0.5562543241305962,-0.1417728916959603,0.02586524720723335,-1.192722177913416,-0.4605414211570251,0.5429346439486037,R-loop-program-high
TCGA-DD-AACX,0.5640897923248894,0.5148773818793428,0.32337408270736684,0.8878497765080815,-0.6152255130156111,0.09143350388937391,0.5834266707026591,0.013838164176956595,0.41702405261686876,R-loop-program-high
TCGA-DD-AACY,-1.2068274927495446,-0.9756949157104298,-0.40859662085007936,-0.6512866695443067,-0.48097365070664494,0.28933716329767367,-0.18890157725477133,-0.9077263671031589,-0.5939808347060966,R-loop-program-low
TCGA-DD-AACZ,0.8290356957088032,1.3023503298389056,0.6017311395481971,1.2570378664511264,0.374825213200553,-0.24288781876032176,0.43857723451084557,2.464893621458507,1.5456548676753423,R-loop-program-high
TCGA-DD-AAD0,0.5187155245428294,0.4649840608314763,0.73534501758564,0.019011000536748163,-0.3421890158978271,0.7935578786590924,-0.43743078975063454,-1.337917867625542,0.3697427149451348,R-loop-program-high
TCGA-DD-AAD1,-0.38708665265514725,0.4510713489090077,0.028967641556131987,-0.01887606721423886,1.1133572691617537,0.5178621482816167,0.14531119530272857,0.41691425959032363,0.35258743588922825,R-loop-program-high
TCGA-DD-AAD2,0.2538054433437332,-0.14222556929191277,-0.11216710480853062,0.3778508830176247,0.6481804903118893,0.3225098031825575,0.18060165781247026,0.4253440931944756,-0.1664652729809591,R-loop-program-low
TCGA-DD-AAD3,-0.6179971884162548,-0.32652116709624734,-0.3628739494093684,-0.3793682495105035,0.6705155087051401,0.32040085814249525,0.5172698731545394,-0.13153681202516176,-0.44402036222682595,R-loop-program-low
TCGA-DD-AAD5,1.0314001725676372,0.9796347427878345,1.2747668195423587,1.4528500291879174,0.565246937307747,1.4055631664449544,0.7751902422923784,1.843691485229987,1.3378620284242129,R-loop-program-high
TCGA-DD-AAD6,0.629851701006262,0.5956516393352947,-0.8793432233449727,-1.0630227981468234,-0.7144368213354516,-1.3431310270091918,-1.5854508944483026,-0.6008911455396461,-0.6792175426737804,R-loop-program-low
TCGA-DD-AAD8,0.28018635253430174,0.503661468292764,-0.27542812823710006,-0.5643431234188966,0.10143517133343338,0.11379214927633605,-0.2446699013521008,-0.8451039672867828,-0.06071883582896123,R-loop-program-low
TCGA-DD-AADA,-1.0200464376057015,-0.8998371075951072,-1.1544848223224633,-1.095655108315995,0.06801195388233029,-0.7286508266527171,0.15624863424095467,-0.21672676625752826,-0.9059373468038344,R-loop-program-low
TCGA-DD-AADB,1.037218919247741,1.1020197077024956,0.003596260457210448,0.40346050319628896,0.25186184245189785,1.0009734702837887,0.2614728798731195,0.7367959791998947,1.0191802102716887,R-loop-program-high
TCGA-DD-AADC,1.334994894126485,1.5157707799641207,0.10469305516595401,0.2161871784966512,0.27717170611786773,-0.39931888337405563,-0.601178948145023,-0.1548991060973557,1.1593592580983543,R-loop-program-high
TCGA-DD-AADD,1.279785744808789,1.2745108914094059,-0.6124541977621755,-0.4772112404039787,-0.09237345877578734,-0.38969352152897857,-0.14064598386304644,-0.0015056893328293242,1.0857867016808216,R-loop-program-high
TCGA-DD-AADF,0.7571098689165658,0.0298244853901678,-0.09850532039494085,-0.44947704979823005,-0.6576145534686566,0.12961453564779185,0.09477363390917423,-0.8741612816127553,-0.23244821581535308,R-loop-program-low
TCGA-DD-AADG,-0.575939576833789,-0.30736122246622044,-0.533094860742436,-0.7489255613573715,-0.20953276660715447,-0.7310528030368044,-0.6615820954930791,-1.5551343615197797,0.06284203849549143,R-loop-program-high
TCGA-DD-AADI,-0.2651480717024148,-0.21864014951296515,-0.5079383865249222,-0.604413400850832,-0.021865100942177303,0.6682913998385203,0.08363975760074996,1.1830785927476475,0.5220908781266975,R-loop-program-high
TCGA-DD-AADJ,-0.15632411825374118,-0.7033036413945,-0.7173688584281381,-0.7140484904166536,-0.7750784892152011,-0.8061324485235909,-1.288627833858932,-1.0668746630439347,-0.5183435893199391,R-loop-program-low
TCGA-DD-AADK,-0.24187285359861702,-0.36582093196048304,-0.665210808720372,-0.4866353976204201,-0.026981784923373667,0.05370838740032789,-0.5356181915392747,-0.2677715939484087,-0.8192902251084501,R-loop-program-low
TCGA-DD-AADL,0.17559984333218462,0.8641172066774537,0.11449910782339891,-0.04787977907991285,0.0019288568506014509,-0.0678756734715592,-0.5477416883033708,-1.272510987326753,0.26539562822269125,R-loop-program-high
TCGA-DD-AADM,0.1400240327614548,-0.3407765968272323,-0.5972605220815634,-0.45569301893364567,-0.3661852753918502,-0.18948511017893555,0.7106745318160705,-0.18951024549977386,-0.2707260830925878,R-loop-program-low
TCGA-DD-AADN,0.7882077979491092,0.05238043209516088,-1.1682351951457823,-0.31989958046331896,-1.1948732751185798,-0.43050039745109764,0.6293781225271492,1.7003728419312292,-0.6471692386407683,R-loop-program-low
TCGA-DD-AADO,0.15479399578000053,-0.35962548345380985,-0.5514420301225815,-0.7386427308173062,-0.9970526262550882,-0.09967765422910282,0.22980022412676376,0.9877704934363829,-0.5862301688732562,R-loop-program-low
TCGA-DD-AADP,0.19934282745425114,-0.24664231826504537,0.07005772981927458,-0.37261247486371385,0.30474208702943834,-0.04364516019531571,-1.0640130652982513,-0.5951029620356723,-0.10365153500480494,R-loop-program-low
TCGA-DD-AADQ,-0.613207831230199,-0.8113881838960761,-0.04212229277555356,0.016038639629099856,-0.9943901259517725,-0.3417009802116563,1.785953905414679,-0.8622442301611744,-0.3409788274082352,R-loop-program-low
TCGA-DD-AADR,0.3469858192867438,0.2111406466229516,-0.41151899846048356,-0.388461399078858,0.054794218627540865,0.3076330911096424,-0.5045704843085338,-0.20981243578722972,0.03193358313302902,R-loop-program-high
TCGA-DD-AADS,-1.068759996726078,-1.4541419434149172,-1.2792960103942663,-1.289556115220328,-1.2042014549093534,0.9892396281704858,0.4670745231483397,0.7216991921459042,-2.395658257327678,R-loop-program-low
TCGA-DD-AADU,-1.237238537196612,-1.4768781590949513,-0.80385841147807,-1.106721508173595,-0.4653767258678094,-0.6413009692940994,-0.36949116061947235,-0.8021596308905115,-1.1374576086053607,R-loop-program-low
TCGA-DD-AADV,0.5283398401580146,0.9003744593019574,0.07372542075202147,-0.13749695487959535,0.48585051318624267,0.2776125332861484,-0.039519622044612915,-0.06745021268712664,0.4670393945115316,R-loop-program-high
TCGA-DD-AADW,1.3171934952127984,1.3521793632344983,-0.11433121973747494,-0.016795152709406156,0.8246426711416244,-1.3342956186682589,-1.3128283255604976,-0.5095384576605564,0.9358643564279926,R-loop-program-high
TCGA-DD-AADY,0.1171540469816435,0.3491642651190573,-0.6799769456496074,-0.6611656236471164,0.3361425401183793,-0.7310771547928148,-0.4239187054197105,-1.1702367369504525,0.2719740049150926,R-loop-program-high
TCGA-DD-AAE0,1.4809552329028373,0.8344507971882253,-0.10055028370771037,0.23352628988498894,0.06106337889137416,-0.42525857113741095,-0.11707591304245568,-0.12431780264016348,1.1426411206800546,R-loop-program-high
TCGA-DD-AAE1,-0.3593864622275707,-0.2056994474042178,-0.852241784900633,-0.9018772287209909,-0.5394122149637892,0.36447629956901295,-0.7861065033118726,-0.6885473922680538,-0.3055379531060133,R-loop-program-low
TCGA-DD-AAE2,-0.06128349736217454,-0.13059945771929254,-0.49900123175908795,-0.43388788183071153,0.014867501972365367,0.7053630395853638,0.6459448485528989,0.40539232305732226,-0.24288687525011476,R-loop-program-low
TCGA-DD-AAE3,-1.3369790061186975,-1.715114273552152,-0.38619382371165334,-0.6901444711522091,-0.3909469507828762,-1.2397070008728492,-0.4996167091924386,-0.025764712898380962,-0.8955506602915911,R-loop-program-low
TCGA-DD-AAE4,0.24410828148275768,-0.3070754776902609,-0.7348663383388214,-0.9421537367399748,-0.09785752017839126,-0.021347062075241792,0.36383783546059323,1.3770800071459672,-1.1738288300320339,R-loop-program-low
TCGA-DD-AAE6,1.192215624678863,0.40544710805607503,-1.0828926700397572,-0.8521903727396258,-0.8878883748291839,-0.419624001621211,-1.7810593679887174,-1.8916153679489354,0.155205619765916,R-loop-program-high
TCGA-DD-AAE7,-1.264787486986689,-1.1570802875346373,-0.5281313788773428,-0.9124202840948852,-0.15372248503476654,-1.0354573718675035,-0.831998952516973,-0.09467036826631678,-1.4385351791744225,R-loop-program-low
TCGA-DD-AAE9,0.09200551657149715,-0.36481924935548043,0.013525693552577402,-0.3661747751063879,-0.7819917840950052,-0.9593767612753875,0.7132619209421142,-0.468942286256819,-0.04940112556431914,R-loop-program-low
TCGA-DD-AAEA,0.8070121996475899,0.30101129459517634,-0.5167966541813892,-0.7168598686871004,-0.32773996434475194,0.3653516660203445,0.4653481848241026,0.029217823114714922,-0.08329355006853074,R-loop-program-low
TCGA-DD-AAEB,-1.196592109515042,-1.325203077711856,-1.5189134225141199,-2.0485624357469296,-0.5152162168780082,-0.892992270127636,-1.623604186816874,-0.7160284420281688,-1.949143569604726,R-loop-program-low
TCGA-DD-AAED,-0.46133015518858095,-0.3556413626692464,0.025178659140301422,-0.6689787249223067,-0.6542002704688472,0.3846736510597738,-1.6274588055772223,-0.3245784723195476,-0.6362146094392184,R-loop-program-low
TCGA-DD-AAEE,0.18188923937141965,0.08330433269548516,-0.19559952369756545,-0.18989506431987216,-0.1357687356608218,-0.03961814154556728,-0.19580538486391458,-0.7503988450195208,0.26519560720605717,R-loop-program-high
TCGA-DD-AAEG,0.04248431923263452,-0.37431226649898963,0.033601759067550474,0.9455201916992346,-0.26252775451671095,0.04988177457693528,0.11773488254576059,-1.5809734180688424,0.5802585542995328,R-loop-program-high
TCGA-DD-AAEH,-0.0477675553317356,-0.5931707493422917,-0.4155547712915895,-0.6376674738843849,-0.19699199278532425,-0.19914958674215677,0.8268372095623088,0.4819384574456668,-0.5804202033989487,R-loop-program-low
TCGA-DD-AAEI,0.26929431430472905,-0.20861540634130793,-0.46471053688299435,-0.3105999210180369,-0.10045792593728509,0.253086164804322,-0.18692883510771247,0.2987779742219907,-0.4085390085816831,R-loop-program-low
TCGA-DD-AAEK,0.037959287126335124,0.19693802700960122,-0.344753283484423,-0.22630356611602329,0.5051989711191126,0.2873834019535949,0.49118174103782003,0.4608051585455182,-0.2846499625760873,R-loop-program-low
TCGA-DD-AAVP,-0.28287444025823183,-0.5930493218662017,0.008238396759070664,0.20298508923005995,-0.6178809460911325,-0.49135000669696954,-0.046152896969110783,-0.08587308031759451,0.20007064620218587,R-loop-program-high
TCGA-DD-AAVQ,0.7812200028818682,0.31396537690151427,-0.4516133158132567,-0.3258009165099412,-0.013938337558363822,0.752772771133954,1.1026059414315599,1.0896320905151446,0.05161676727911372,R-loop-program-high
TCGA-DD-AAVR,-0.3407178179798287,-0.7928141277472434,0.09203703278133496,0.043075107509848,0.32785457639822707,-0.020726778976891347,0.9841884573979438,1.119645082077985,-0.00965855340555044,R-loop-program-high
TCGA-DD-AAVS,0.5478334295343009,0.45214265215509997,-0.29296329416888944,-0.6740671091779142,0.303112611926995,-0.10757147104387363,-0.6545633505673516,-0.16046879471693368,0.7384408499420179,R-loop-program-high
TCGA-DD-AAVU,0.2042261181753326,-0.4523844500071733,0.1266860054462267,-0.10520170426544834,-0.8114776519543463,-0.344956464793668,-0.7183401634062523,-0.007621280669626656,0.16587341346034046,R-loop-program-high
TCGA-DD-AAVV,-0.02504104100126504,-0.24088428660542408,0.0701881399637676,0.5350086942142999,0.3453650940448859,-0.07484001034858757,1.2057957671819033,1.0342510551532722,0.36362507140837874,R-loop-program-high
TCGA-DD-AAVW,-0.08207403214319918,0.18287606686364688,-0.0974736155558027,-0.28608532369324347,1.0344016072365567,0.08329922717104557,-0.22234795459319937,0.1411266598921806,-0.09980641633898035,R-loop-program-low
TCGA-DD-AAVX,-1.1757963919618222,-0.6091818532491003,0.3453192889250155,0.00024658618131813875,-0.2594878680849609,2.3065571151619926,1.6381056899925006,0.17333665069124526,-0.3863538110432072,R-loop-program-low
TCGA-DD-AAVY,-1.3665718567781249,-0.4206959071397319,-0.008665652270719483,-0.29410247020420044,-0.4713588441057459,0.29279106964045043,0.31441354907088487,-1.0911779648074333,0.3270028720462813,R-loop-program-high
TCGA-DD-AAVZ,0.4388775110017086,0.2726886806992712,-0.16899766097217409,-0.44275516128326475,-0.12565547326511828,0.27847798105476634,-0.23997422643003916,-0.6167310140078865,0.306563036128426,R-loop-program-high
TCGA-DD-AAW0,-0.43763084294550314,-0.13421668174437434,-0.0031136380250057554,0.08275679244840954,0.7111861824639619,0.2762133220529058,-0.23909937869572476,0.5206804495887352,-0.21547180872741614,R-loop-program-low
TCGA-DD-AAW1,-1.3165599760865414,-0.8092790362710671,-0.019894319317610317,-0.20000985458715406,-0.24630591471695754,1.091516548022872,-0.009624031049924977,-0.9644470385910291,-0.5578052350726168,R-loop-program-low
TCGA-DD-AAW2,-0.5347950577826885,-0.3807019296250262,-0.42163842202114726,-0.8638828514712888,0.09318409273907828,-0.040892147888195535,0.3257592795219462,-1.2318289677493588,-0.038019063422544616,R-loop-program-high
TCGA-DD-AAW3,-0.749280699222614,-0.4406636508398466,-0.4921024089622089,-0.8797126777328688,-0.22919478546575778,-0.12776081178647591,-0.4098086371963051,-0.9926269466244557,0.17589081635282444,R-loop-program-high
TCGA-ED-A459,0.7857182978840057,0.6410073098833933,1.6298884745981523,1.9784386198854287,-0.16259008158757476,0.3987709688745418,1.412666078444641,0.3370188512775085,0.38411160743677825,R-loop-program-high
TCGA-ED-A4XI,-1.0458464014985827,-0.6572119963266609,-0.39436438315405187,-0.323046929587122,0.3842867815738508,1.1032152742436057,0.28435458827728993,0.8050913537388754,-0.8229280008080063,R-loop-program-low
TCGA-ED-A5KG,0.7589290294865211,1.6263284288266333,0.07207424474741206,0.6418734525499308,1.1092109539857067,2.2529040471539616,2.095855499688096,1.9529495377120214,1.3331322602204632,R-loop-program-high
TCGA-ED-A627,-0.8648515589666914,-0.2183381793868123,0.44439901612449884,0.34084654754904015,1.0909029466094313,0.824347248359959,0.7458471606238931,1.52494767354323,-0.21122164143723546,R-loop-program-low
TCGA-ED-A66X,0.798888760038679,0.7371580307788216,-0.08785679726752285,0.1366612298526199,0.5867284923801603,0.21641735742626028,0.45591220991398834,0.8260945902798631,0.4714698765981114,R-loop-program-high
TCGA-ED-A66Y,0.8306694784074136,0.6968044127120493,-0.11582722595995786,-0.4596439035844533,0.34846784596849845,-1.9736251253424368,-2.4094529981174007,-1.865853590698518,0.31896520223255836,R-loop-program-high
TCGA-ED-A7PX,0.6943967557559747,0.6442607781223972,0.6146997434694382,1.8730986566772359,1.1657796176011372,0.11232112159742957,1.6244660421578736,0.23722679612195197,1.7757275228927063,R-loop-program-high
TCGA-ED-A7PY,0.19632379125304278,-0.15469259407649058,-0.6286150467180188,-1.2647268465729884,-0.6068898165969491,0.13409885313320824,-1.96877149079552,-1.0142815228074307,-0.3609849321404321,R-loop-program-low
TCGA-ED-A7PZ,0.633087618853902,0.31492663028962903,1.5899857671792474,1.809173572818542,-1.0177027850909919,-0.8985024662285199,-1.0215196752066111,-0.9357663086147444,1.0631324610058355,R-loop-program-high
TCGA-ED-A7XO,0.669921554176149,0.4428352513796618,-0.028735416160210143,0.07080910347529439,0.0780659752272666,-0.01744096997688452,0.13175081938903324,0.5495089543158683,0.1438552766048763,R-loop-program-high
TCGA-ED-A7XP,-0.02707022073796207,0.2870422422538896,0.32385622646174084,0.2881844659702495,0.42982154456706606,0.6159257460034595,0.26770949145535333,0.2373989819984088,0.48731553100772546,R-loop-program-high
TCGA-ED-A82E,-0.7795833068343914,0.3413372712786277,0.5337588996072076,1.661964095993703,-0.05480086000977508,0.2598798304227882,0.5571599560922446,-0.08702096160427158,1.338506928791801,R-loop-program-high
TCGA-ED-A8O5,0.21329099428915502,0.2039741232444913,-0.4049256863649909,-0.7502860402263855,0.4110671829954212,-0.5263622132920653,-1.0742868246091004,-1.3649599535704944,0.26315250560302106,R-loop-program-high
TCGA-ED-A8O6,0.8667451650996898,0.2696145844518604,0.005343792868540957,0.18385846057458807,-0.33475289334500197,-0.08748296138082767,-0.7981839876229515,-0.28594244298059385,0.42159966831060014,R-loop-program-high
TCGA-ED-A97K,0.12539252830028474,1.0519665631954431,0.5080853351757971,1.2592963608880479,0.5311499521343341,0.346357345742037,0.7410003536138837,0.4538999141564772,0.7633852858778658,R-loop-program-high
TCGA-EP-A12J,-1.0524925122788829,-0.48981264121410806,-0.3212497588328542,-0.5006698370241461,0.09569119212768021,2.631277651585538,0.7847448886202933,-0.24055016649595948,-0.7733907921121694,R-loop-program-low
TCGA-EP-A26S,-1.5198021178888341,-0.9811305912887367,-0.5074924384987338,-0.5540156965698765,-0.33513965617947855,-0.6055040626861277,-1.1969832911186498,-0.48340740815381417,-0.9295040028978037,R-loop-program-low
TCGA-EP-A2KA,0.7804614006713169,0.36272274452205877,0.18234797527924976,0.015418023332858237,-0.2222260026966985,0.35886888719209076,1.9195731237142655,0.7029951337834293,0.11400324302294916,R-loop-program-high
TCGA-EP-A2KB,0.8242482044890206,0.08471310100785193,-0.47269609378227556,-0.824689804778848,-0.19376534708778395,-0.13970358208044104,-1.0194914424026273,-1.0040662425491003,0.07921034008516492,R-loop-program-high
TCGA-EP-A2KC,-0.11892232024242967,0.052199071636960824,-0.23955841136288358,-0.5761498642687971,-0.1041010054536279,0.9345920509809265,0.7443047156671098,-0.30876956167162917,-0.006720465490373861,R-loop-program-high
TCGA-EP-A3JL,0.2368764182960608,-0.31692572738389374,-0.2770073354415816,-0.051132585328566675,-0.0641216834525382,0.43069305646405176,0.5501347297871206,1.1144793135683435,-0.1692639561510347,R-loop-program-low
TCGA-EP-A3RK,-0.3646032206349267,-0.27680100569657495,-0.4011363454693555,-0.49525341510218,-0.2659728185482058,-0.47523327945770766,-0.2819464423338469,0.7739725424037017,-0.8541316855271485,R-loop-program-low
TCGA-ES-A2HS,-0.5465634074980054,-0.8419036806462186,-0.5478869115422602,-1.2912468512585469,-0.6350903857832387,-1.029554110507997,-1.771999752325194,-0.3280524867697825,-1.3446055232489542,R-loop-program-low
TCGA-ES-A2HT,-1.1038043543628988,-0.9785257746040928,-0.26088410454403455,-0.289656862952997,-0.5241508373655753,2.4156638756165782,1.0956233222480911,0.18882848910505765,-1.1291414539846087,R-loop-program-low
TCGA-FV-A23B,-0.45917147487097176,-0.25747335975466595,-0.3850871135375439,-0.6820246585083295,0.19295137308610824,-0.35206241187401194,-0.38687247096656396,0.2785159694247605,-0.6386909606074497,R-loop-program-low
TCGA-FV-A2QQ,-0.40690745226101477,-0.6428450908784968,0.0013605611257944004,-0.2261593316244394,-0.05234329832701391,0.023610396507049797,-0.13107209973390757,0.4952693221208201,0.2911425636777122,R-loop-program-high
TCGA-FV-A2QR,-0.9361648675794083,-0.605987915653565,-0.24903092196512955,-0.13064000794826736,0.5123062021870245,-0.0570333512152551,0.19431663582781442,0.314098898846627,-0.4947924447628983,R-loop-program-low
TCGA-FV-A3I0,-1.307119436087599,-0.8756872587359364,0.503675710951626,0.6876562284208049,-0.24779591259092223,0.4890321760877669,-0.1530037018391431,-0.24316744676260746,-0.492681260859981,R-loop-program-low
TCGA-FV-A3I1,-0.8520605992398189,-0.4026653719113109,-0.3458809442775411,-0.35645273833381047,-0.0255202382051552,0.11884786874337885,-0.30404991093883366,0.1237163579370457,-0.8088987528884555,R-loop-program-low
TCGA-FV-A3R2,-0.7741778606462717,-0.7125487934211738,0.20257075331193392,-0.23587214841205195,-0.010418919836497972,0.900453074799106,-0.30245195802083125,0.456737772138898,-0.4577954722887492,R-loop-program-low
TCGA-FV-A3R3,-1.1298251274223998,-0.4148015334580319,0.22982809050039485,0.27264072343408674,0.8461714357887536,-0.1355326971427393,-0.36071329987020845,0.45847572125639546,-0.51486440374643,R-loop-program-low
TCGA-FV-A495,0.5880753903239887,-0.02453897246987296,-0.7033480856765661,-0.5746028492005307,-0.07419804150462475,1.3399646175111193,0.2029049375758361,0.9343528368171361,-0.4393908740639736,R-loop-program-low
TCGA-FV-A496,-0.6669357445136126,-0.54220716553906,-0.3070548512224119,-0.014710063045720324,-0.7175662532739959,-1.005142826452683,-0.18561865539207623,-2.209587517714509,-0.43710194328972596,R-loop-program-low
TCGA-FV-A4ZP,0.8458202790021729,-0.28632625187307836,-0.28582562528530825,-0.04233581172851419,-0.8181296824530284,0.3230465698372916,0.04300734365446579,1.2385524502538459,-0.8486739735893563,R-loop-program-low
TCGA-FV-A4ZQ,1.6630360858689144,1.127341540577756,0.475331093520692,0.5852822187344584,-0.18384393715125777,0.9675674765870286,1.6970721384072447,1.4601412439654085,1.1588737740981698,R-loop-program-high
TCGA-G3-A25S,0.6400269789172588,0.13767132782367386,0.3187499869092624,-0.0495642426336598,-0.8650219324937607,0.23288723634443256,-0.4062452599701204,0.9495490038476961,1.0398115454952916,R-loop-program-high
TCGA-G3-A25T,0.9106893070344689,0.32468722415907925,0.775958772140042,1.4067873929500516,0.2612529350005663,0.0903704490216804,0.011726667425547153,0.5807520934593668,1.2580979703555157,R-loop-program-high
TCGA-G3-A25U,0.36749146690470574,0.4048640159480022,-0.32774018788253445,-0.9604361236996944,-0.2565067563612105,-0.832820722897273,-1.6476397779101037,-1.2627554197110065,0.19686741299287003,R-loop-program-high
TCGA-G3-A25V,-0.8927751994570282,-0.631559948428818,-0.020313546151345323,-0.1782984622476168,0.15154494012684733,0.1603753422688923,0.366184621101374,0.5315915338700782,-0.3918802616809912,R-loop-program-low
TCGA-G3-A25X,1.063499884889888,0.6451555814583907,0.9167388579120844,0.9628859711206411,0.36422208122221716,-0.3077109497298939,0.5934890220497053,1.777200048537782,0.7988790962163537,R-loop-program-high
TCGA-G3-A25Y,1.0622298248658673,1.0651764773595722,0.30376811681661714,0.22921887353727144,0.8096178223588308,1.3626332566688508,0.17040105330145197,0.78205099019205,1.2517497685558299,R-loop-program-high
TCGA-G3-A25Z,-0.3312325782727143,-0.6119538094328455,-0.1961957849419083,-0.3289833794991619,-0.15703817850722715,-0.051779396400612535,0.4930665194539642,-0.0045769189990938555,-0.23605474673445317,R-loop-program-low
TCGA-G3-A3CG,-0.6682304465587019,-0.6159769391856816,-0.026457355572927894,-0.16930183738665716,-0.059391642482365975,1.0051373864265785,1.1810384822080973,-0.6922232522571856,-0.2802841178080115,R-loop-program-low
TCGA-G3-A3CH,-0.8013493353773008,-0.6856023847685137,-0.37472041309405585,-0.7023944929250486,-0.04157100081149033,0.41187253162843257,-0.32244506472907364,0.5419436994316883,-1.2849164969821667,R-loop-program-low
TCGA-G3-A3CI,-1.333981430487664,-0.6933093232503014,-0.36596409475275327,-0.20382980657001648,-0.42701701169069367,-1.34976615492935,-0.8208936359580241,0.09406408878490508,-1.3621335740279865,R-loop-program-low
TCGA-G3-A3CJ,-1.287871770654074,-1.2003050075272064,-0.7187752537886998,-0.38575354366422226,-0.9226555527573809,0.13380458877083234,-0.4889963439084955,-0.5822375531475332,-1.0738215792647368,R-loop-program-low
TCGA-G3-A3CK,-0.6284685172254391,0.011954197214974992,0.08028680216625766,-0.06286571950448201,-0.2463635370933578,0.20812991539970396,0.14586067234173147,0.47001026333158624,0.24097218614961485,R-loop-program-high
TCGA-G3-A5SI,1.1740149696616695,0.29498950347086283,0.0243805728782892,-0.4266611952684751,-0.559038962776779,-0.9530181893360669,-1.138985038039477,-1.3945231985784485,0.15550033892310755,R-loop-program-high
TCGA-G3-A5SJ,0.3220221711658886,0.5183317918893814,0.4956139779894553,0.7320346480649987,0.6790173700464386,-0.07985122135660272,0.6357567873557314,0.5736348899270434,0.6328933866270046,R-loop-program-high
TCGA-G3-A5SK,-1.2606688877229322,-1.2377078660901955,0.009827533958233388,-0.5794908993889166,-0.5163438210305141,0.9654465736275757,0.3029757175805901,-0.03322993190212198,-1.7565301243400984,R-loop-program-low
TCGA-G3-A5SL,-0.58006972829375,-0.5916010981698914,-0.14278457058021227,-0.6495069722692106,0.12142365852953763,-0.8942471159500153,0.1287749776454208,-0.9404492024421367,-0.15076380583932822,R-loop-program-low
TCGA-G3-A5SM,0.02966128767537024,-0.3076078256642837,0.03647637844602315,0.08057382590292435,0.1323696680174088,0.15106866828330087,1.1058849534803272,-0.1306588470627392,-0.6024043649758369,R-loop-program-low
TCGA-G3-A6UC,-0.7869449205587391,-0.2372979381598062,-0.15819342786945204,-0.8646679835299853,-0.6113093522868759,-0.3586772491012206,0.4220930813381852,-1.1860579566623108,-0.12613047612588435,R-loop-program-low
TCGA-G3-A7M5,-0.9335512910957703,-1.0233810233457923,-0.3151931806063753,-0.737668467606556,-0.7579031255253624,-0.1417129179503798,0.1636839778237225,-0.5019356439414963,-0.9184478144845858,R-loop-program-low
TCGA-G3-A7M6,0.5949647303407222,1.187127199301082,-0.09084337010888863,-0.034807935028590684,1.0071772638038574,0.02131585927801971,-0.33439147285817766,-0.07735875610735089,1.3381048814198149,R-loop-program-high
TCGA-G3-A7M7,-1.1301301619731068,-0.9212217909016116,0.3401417467861024,0.439761730381776,-0.6153917072199588,-0.4306617032939739,-0.46007827549223596,-1.0448808927896165,0.01633357079712472,R-loop-program-high
TCGA-G3-A7M8,-1.3744895184110146,-0.400267820465654,-0.473041383389173,-0.4481705840841586,-0.2553234237725486,-0.6774699420360819,-0.8035671081395888,-0.13605780718348853,-0.8615901468365438,R-loop-program-low
TCGA-G3-A7M9,2.0874281096732052,2.082704065845083,1.3617749670839783,2.024602159803303,0.9893048946872606,0.24905108460563188,-0.7177607961623551,-0.28755273718298424,2.6239642122796543,R-loop-program-high
TCGA-G3-AAUZ,0.39535523142311474,-0.44365328922033803,-0.480739213417342,-0.7341865571564385,-0.261445828490422,0.2700256973889959,-0.3675647845866222,0.5491121675659676,-1.159289189099759,R-loop-program-low
TCGA-G3-AAV0,-1.0766208153341135,-1.4049744212422823,-1.056087998048141,-1.3529896624107398,-1.0790971319904648,-0.3324545558923226,-0.8403246435048236,-0.6405700399761924,-1.3969569259784076,R-loop-program-low
TCGA-G3-AAV1,-0.2023151878592599,0.026327680806387206,0.14713334702583064,0.18638841658220517,0.3854271721915487,-0.1117780612639992,-0.6603168997548802,-0.35049786108979775,0.4833195686351311,R-loop-program-high
TCGA-G3-AAV2,-1.2306696505158405,-1.0017266858418346,-0.3663783875962387,-0.5217308220597706,-0.1899123081040958,-0.8433281336429326,-0.4510211246683958,-0.4138225291710124,-0.16757764729388114,R-loop-program-low
TCGA-G3-AAV3,0.32859213037015383,0.23814169312967048,-0.03631815373915259,0.0342492875603239,0.14650292990413083,0.03922620360984927,0.9036626094260621,0.7107793586285494,0.09845456217908824,R-loop-program-high
TCGA-G3-AAV4,-0.16599854891065788,-0.2256681030591856,0.31721313836969883,-0.0916223616241164,-0.12631799039517963,1.4712360692708675,1.0636203057850644,-0.03687484713365294,0.6733630339200452,R-loop-program-high
TCGA-G3-AAV5,0.18946727593939336,0.10966855693472011,-0.07020765309877645,0.1611818241446514,-0.4522827810779782,-0.9567113415782598,-0.673526328706288,-0.05048537602688623,1.034776464304093,R-loop-program-high
TCGA-G3-AAV6,1.5819890281486986,0.7392599794983965,0.06496781652675239,0.25826802360322,-0.5502908901993371,-1.3586009626421602,-1.8113208917097414,-0.6809738206525935,1.2130647527171705,R-loop-program-high
TCGA-G3-AAV7,2.140623030397018,1.9159926373400347,1.9823497277657371,2.0976487993157606,0.5906632511085869,0.17402649758919497,1.2751637022458415,0.7723216584852989,1.5191224057646018,R-loop-program-high
TCGA-GJ-A3OU,0.43988946925577804,0.36763177951660564,0.01631680366843242,0.8536409847377464,1.1507629767189698,0.2321046415087909,1.450946443161945,2.433065951196251,0.3432535763172827,R-loop-program-high
TCGA-GJ-A6C0,0.7152641467895783,0.20456830798784006,1.7868671143856387,1.4502935922774811,0.5072815910672172,-0.14804982839645792,1.2398846926166558,0.8573750710342909,-0.01832722335603458,R-loop-program-high
TCGA-GJ-A9DB,0.23903713275005015,0.4445445255814451,0.2999774785883492,0.4668394283809201,0.7732556984807892,0.2159476249640246,-0.11379133399632724,0.06077305111039975,0.3489386868108092,R-loop-program-high
TCGA-HP-A5MZ,-0.3984552474053497,-0.6274010409541917,0.03225852408265875,0.0460955453381419,0.7896391290065387,0.5411143286111959,0.9608428351596144,0.873333426638733,-0.4054904415775647,R-loop-program-low
TCGA-HP-A5N0,-1.49110926642171,-0.9975644180245388,-0.24662043414155063,-0.6136310259308727,0.5421858930405711,-0.3189100546113273,0.3458063798210613,0.12110075543039966,-0.553878802618242,R-loop-program-low
TCGA-K7-A5RF,-1.4687682493331244,-0.92944640914434,-0.2009292546548965,-0.4470520073521954,0.1938352164967732,2.2871766050854405,0.6425261070761165,1.141788625972904,-1.3269194636261112,R-loop-program-low
TCGA-K7-A5RG,0.5341177676262144,1.1148949475397782,-0.33884506463933284,0.28644298440323607,0.4774666117273854,0.692986455902049,1.576857211475597,1.7166050317417754,0.2671609793524232,R-loop-program-high
TCGA-K7-A6G5,-0.41810710420078634,-0.7662082584550489,-0.2939435584370184,-0.38249990314285015,-0.30032131027365755,2.049268147186222,1.254950394910537,0.31816044927291537,-0.7914656223737726,R-loop-program-low
TCGA-K7-AAU7,0.49040786855337365,0.8112724618680298,1.4260696089364897,1.5728715882936406,1.416834174214152,0.10228801973318047,0.31276593202109815,0.3426672977795226,0.9553886261700437,R-loop-program-high
TCGA-KR-A7K0,-0.3826394589765247,-0.4333280115577445,0.11241515104198212,0.09911648921157294,0.3313561572297296,0.41975248467118903,0.08613357813136445,-0.1469671866168301,0.19212786553169703,R-loop-program-high
TCGA-KR-A7K2,-0.30924962069044987,-0.540431630249674,-0.48326226658487603,-0.8520266752171488,-0.1876747886354148,1.213925332249813,0.37915786110992017,-0.1690063491405009,-0.5127217394507417,R-loop-program-low
TCGA-KR-A7K7,1.1700805811061343,0.06090742779618054,-0.4182336339520338,0.09504337290696645,-0.9289231919725996,-0.38783249968070077,0.3199724752163827,0.93505262162518,0.46342177657414235,R-loop-program-high
TCGA-KR-A7K8,0.15609655482202334,-0.20337911691173396,-0.6380713807468499,-0.3280033336420927,0.19870493949620538,0.6379047144998415,1.3590647328212508,1.4983987574665638,-0.15633740627811332,R-loop-program-low
TCGA-LG-A6GG,-0.19437586247798394,-0.3909217994605485,0.3435602696475676,-0.00842226560659091,-0.2326458634876001,-0.30639619171536936,-0.4417618538847633,-1.02754868035669,-0.12279940015175975,R-loop-program-low
TCGA-LG-A9QC,-0.4453330246128308,-0.3893929864522812,0.295238664415625,0.3360463517868348,-0.017041281047606868,0.28500637603909285,0.7540082410381769,-1.2771455558879024,0.13419415923074485,R-loop-program-high
TCGA-LG-A9QD,-1.5459578984367583,-1.0358248419675304,-0.24119796737212168,-0.5444176602134473,-0.5243587753921304,1.5580930692093802,0.9454621218162398,-0.8431117273280232,-1.0561982354108168,R-loop-program-low
TCGA-MI-A75C,-0.0804786195163471,-0.22880190393745847,0.2189706897125509,0.340897403176838,-0.894621392444245,1.1041335985420813,0.23467920530192354,-0.24872212519606945,0.24193107332413205,R-loop-program-high
TCGA-MI-A75E,-0.37079802513012244,-0.4718827287738428,-0.2391492551694382,0.008743977954653882,0.11450673415186063,-0.019645932088058815,0.09068326512829793,0.04684536858991871,-0.5444472976060332,R-loop-program-low
TCGA-MI-A75G,-0.6050789109676086,-0.7973288742643401,0.1926179085608873,-0.16137728882466595,-0.4993006887283996,-0.19478174822309255,-0.6811841448145204,-1.2039331865633593,-0.1424783848413303,R-loop-program-low
TCGA-MI-A75H,-0.19976648710248704,-0.5757544123049435,-0.37595964128178266,-0.493183334506763,-0.07868636206452793,0.28564168592112904,0.7819511629130911,0.6851405400820028,0.15075683457350963,R-loop-program-high
TCGA-MI-A75I,0.5437810564102797,0.10695150104845515,0.5265352778526688,0.21400893990780295,-0.2454792943052747,-0.18095458413597687,0.7772162028096714,-0.2774602069899278,0.3290738988560755,R-loop-program-high
TCGA-MR-A520,-1.4858285564441618,-0.651588723816714,-0.5430935608372066,-0.48924630260723695,-0.5269286702294853,-1.6225195550582097,-0.9936267316818077,-0.9758865711207108,-1.4245464632579934,R-loop-program-low
TCGA-MR-A8JO,-0.33914989522149747,-0.40708882530598034,0.5071164424035222,1.0865114807695049,0.8898253657035706,-0.5910343824991167,0.21886055526807718,0.8592050576945817,-0.18106015266290815,R-loop-program-low
TCGA-NI-A4U2,-1.1362671068744519,-1.1116819003576617,-0.587810310528885,-0.5269197888749074,-0.47997422662923994,-1.2454906849610987,0.12494013901829348,-1.143755979311654,-1.222280922720186,R-loop-program-low
TCGA-NI-A8LF,-0.7244096497131522,-0.783697431720211,-0.33805653350506354,-0.555397341730508,0.29573650098838417,-0.4177733510339572,-0.728246064008169,-1.0842753736938127,-0.9247371625015713,R-loop-program-low
TCGA-O8-A75V,-0.2056966319165845,-0.5595647753183368,-0.520021525118587,-0.11920183371065206,0.00314014486117291,0.40495973432062987,0.6710727738325212,0.83877205976908,-0.2285119322225487,R-loop-program-low
TCGA-PD-A5DF,0.5287850417392587,0.6805808831846071,0.057418576205593236,0.1752088969181823,0.837855172833717,0.2516874928133842,0.08523107093451955,0.621120016950894,0.5854404974441558,R-loop-program-high
TCGA-QA-A7B7,1.4451006191782065,1.8420269857132374,-0.4344682725119513,0.19913578715764435,-0.4018026547852329,0.13814949419079692,0.5452126032663507,-1.4021372660943694,1.0719870063500245,R-loop-program-high
TCGA-RC-A6M3,1.0479399989257734,1.1301476638311005,1.594988691021284,1.7836704741302778,-0.06626971216033295,-0.5722002336200659,-0.27938443079820213,-0.14058939574207524,1.0970155255851421,R-loop-program-high
TCGA-RC-A6M4,-0.0360342299526561,-0.17602109685408848,-0.6258719926299292,-0.4196026851311086,-0.8983037493433321,0.9562568652984833,-0.03590694466017954,-1.4057273185129595,-0.2209380757255234,R-loop-program-low
TCGA-RC-A6M5,-1.1994249241801065,-0.8051817844262915,0.4039910985894807,1.071276341623803,0.20611603893849428,-1.0417689035526023,-0.22519896258578176,-0.7142623334843379,-0.520125521280342,R-loop-program-low
TCGA-RC-A6M6,1.1405419772668401,0.9926956852207354,0.9951554950030741,1.5790738288957342,-0.11563154475110486,-0.4754172848533781,-0.2765811804724291,-0.15734613179245027,0.9810645766364322,R-loop-program-high
TCGA-RC-A7S9,1.1024070875427532,0.3272723944978319,0.36373797189098844,0.06143298931300648,-0.6818085390511156,0.12644950464251098,0.3723117784981601,-0.12952159380624,-0.05633508926629017,R-loop-program-low
TCGA-RC-A7SB,-0.11409958145426234,-0.08227855839422063,-0.24074867860164798,-0.2238005379926394,-0.2891491385951236,-0.652980029604634,-0.9912669254786995,-0.5279201078556827,-0.38969408596284133,R-loop-program-low
TCGA-RC-A7SF,-0.004046958718193272,-0.6386703451580203,-0.4774278607807655,-0.4665468203460418,-0.13247066402715454,-0.3412524279448219,-1.1195101707631283,-1.225607005749041,-1.034233541535659,R-loop-program-low
TCGA-RC-A7SH,0.781652356728634,0.6560230666131076,-0.7913806426882153,-0.8362982360794384,-0.5561303446454642,0.5217108018756794,0.04918718540736933,-1.953368425298308,-0.26626756724347894,R-loop-program-low
TCGA-RC-A7SK,-0.3060174391051949,-0.06227118966193836,-0.14876356271433405,-0.18935833492562926,-0.2806017552655653,0.2906074979619373,-0.09830569461318704,-1.5803341681525538,-0.008202956993097005,R-loop-program-high
TCGA-RG-A7D4,1.1657723530831365,0.9612952315115434,-0.08531352348166836,0.22822856552367105,-0.1822924241480278,0.1306033654622526,1.2505952707349743,1.0188099702710294,1.268086349585233,R-loop-program-high
TCGA-T1-A6J8,-1.4212399135003206,-0.7695591983574047,0.10937997756159855,0.5189140637454108,-0.23369109609496844,0.18675062906611492,0.03849409156202978,-0.4365310675984,0.01322997248577723,R-loop-program-high
TCGA-UB-A7MA,1.4113440240058919,1.3131935611080068,-0.08784086272168737,0.04791727262787426,0.4473617671577828,-0.6452104268900475,-0.07131640134899501,-0.5431465953805745,1.0943610016880965,R-loop-program-high
TCGA-UB-A7MB,1.3538003268517187,1.2937572970394589,-0.2430258133544372,-0.3939605565394964,0.07976144850444272,-0.9539131496703409,0.12595657358458773,-1.3904224079938294,1.23971477903017,R-loop-program-high
TCGA-UB-A7MC,0.6153275892722037,1.2981944125208427,0.16986721538352872,0.013047981879291312,-0.11146660884316854,-0.5366372108789272,-1.0039299126641892,-1.0213200304996732,0.7783495166141621,R-loop-program-high
TCGA-UB-A7MD,-0.04479349268696336,0.17051755330643345,0.36152814042910925,0.8300011702988115,0.5170748365170166,1.2308998545142669,1.188990478600991,0.9580914885647402,0.547664528262203,R-loop-program-high
TCGA-UB-A7ME,0.3502536954829563,-0.01105704149223669,-0.2558283458419513,-0.29379179661537425,0.057952884326586136,0.9451918612903749,0.39179758343813226,0.34072723014922623,0.43775324943502125,R-loop-program-high
TCGA-UB-A7MF,1.0037882172667023,0.4126214915477321,0.5455517244160072,1.0253711993608683,-0.37265725631149815,1.886833430568171,3.004699092012175,1.8791178469776844,0.43099544308690046,R-loop-program-high
TCGA-UB-AA0U,0.7816281677857654,0.7176626134028098,-0.4317371260323729,-0.4668506226515345,0.6034160062691654,0.8215837757808869,0.3345666197159022,0.4464996065873037,0.1821523164882799,R-loop-program-high
TCGA-UB-AA0V,-1.418572413408187,-0.5566327471950797,-0.3535099910976099,-0.5589794455521286,0.3379397322919509,-0.25613203054856015,-1.0655074509063076,0.0255133809498961,-0.9266204126068693,R-loop-program-low
TCGA-WJ-A86L,0.03125490819684837,0.29124299642369167,-0.3734372778942172,-0.718107400485483,-0.8745742321986284,-0.17042453852062717,0.10251148546386972,-1.4214503946064427,-0.9432005345372211,R-loop-program-low
TCGA-WQ-A9G7,1.1785466772446451,0.4323972603670482,-0.14481697153929204,0.2592212529713506,-0.4883723890480187,-0.8211607648351908,-0.027846331929243524,-0.8080909133554551,0.16845670214780523,R-loop-program-high
TCGA-WQ-AB4B,-0.18016271475404977,-0.727192520637081,-0.47017480928316363,-0.7585347648500372,-0.10061667831846065,0.029035940454326472,0.19450747824595935,-0.16411196700855768,-0.6956588451494905,R-loop-program-low
TCGA-WX-AA44,0.6759822455498736,0.427960576164479,-0.15769941196387963,-0.3560180338186052,0.442647012767994,0.3154981441142642,0.4281078654386805,0.018848544140029518,0.19698000105424282,R-loop-program-high
TCGA-WX-AA46,-1.5927919002817617,-1.08483493470532,-0.28496652541045786,-0.793793805312701,-0.2580468899607371,-0.51745670587949,-1.4154674313111362,-0.06649131599512838,-0.857422161408155,R-loop-program-low
TCGA-WX-AA47,-0.33934851379621045,-1.1249712790580908,-0.019568370574338592,0.7283429740107619,-1.8932719958317819,-1.2789122764478271,-1.238656447266555,-2.5496985118281286,-1.0403952700561878,R-loop-program-low
TCGA-XR-A8TC,0.32812428793041487,0.604707440486253,-0.16427354817067863,-0.6555077014042571,0.3351182718398902,-0.3010656063227083,-0.28839166125174875,-1.300413873553426,0.4567171646110634,R-loop-program-high
TCGA-XR-A8TD,0.8612161840285917,0.5349073025165392,0.5177112566027975,0.9545229817976071,0.6221397940222315,0.32854246023645545,1.5090193061912174,1.4939001517223875,0.20800641221492733,R-loop-program-high
TCGA-XR-A8TE,-1.3155428202792254,-0.8281377976875305,-0.16830234609068512,-0.4291717475845036,0.4230558663859071,-0.5701373421767261,-0.28745533333401185,-0.5614015603417379,0.07341257369936482,R-loop-program-high
TCGA-XR-A8TF,-0.0950688632600026,-0.3344252173980172,0.016977270587041262,-0.4435883022478926,-0.44384020286015824,-0.6873086198216982,-0.8994544219050962,-0.8318972501180426,0.37499903956729724,R-loop-program-high
TCGA-XR-A8TG,0.8655413854840315,1.0838944087088698,0.25058218892521816,-0.040979451025911634,0.8241922567298693,-0.3896198286513857,0.1743464325119176,-0.6607823156661216,0.0996497180912248,R-loop-program-high
TCGA-YA-A8S7,1.2806867791856993,0.8293740196475238,1.3731088433666283,1.7995228960024612,1.5831189886139443,0.32928387224383926,0.7958757413304054,2.556241291901294,1.0715219601894632,R-loop-program-high
TCGA-ZP-A9CV,-0.4694086183852832,-0.2394592826165795,-0.15650489671685242,-0.1413127853428421,0.09621310652857698,2.2550468887659623,1.3587727230961135,0.3815276438452141,-0.00848376622068675,R-loop-program-high
TCGA-ZP-A9CY,-0.8406198236819332,-0.3915572993463388,-0.34974143184460016,-0.4361055710904752,0.02587967366295834,1.137418925469055,0.07215216232324696,0.05221322818083376,-0.8097206432052639,R-loop-program-low
TCGA-ZP-A9CZ,1.3051852138351536,0.670224178624778,0.04447374189007746,0.3124078619843962,0.1413490917454767,-0.12734226074375063,0.19818370942522118,0.46258743236796723,0.431700037601018,R-loop-program-high
TCGA-ZP-A9D0,-0.6552753432321101,-0.5873971059477101,0.1326616835991167,0.2921027136651398,-0.5619724165094107,-0.39143963062241427,-1.100656612938335,-0.9667501399375849,-0.1474141425772619,R-loop-program-low
TCGA-ZP-A9D1,-0.8052487754103006,-0.32936337594767895,0.21125024793028674,0.013119597426115478,0.4707172230177745,-0.10201881085846619,0.7075457298241848,-0.5073369190317625,0.09744231267129089,R-loop-program-high
TCGA-ZP-A9D2,0.46179632566623957,1.858867548614197,0.5741134298180206,0.797698151453285,1.139255511736714,1.20061469045151,0.2775664735412326,-0.00435839561744749,1.4909942755631977,R-loop-program-high
TCGA-ZP-A9D4,-0.4444595144490054,-0.24733430318914262,-0.5078715504984974,-0.8732803673778753,-0.41668285102066654,-0.13138680493147165,-0.7798665173125491,-0.6232261857402821,0.04054023405258006,R-loop-program-high
TCGA-ZS-A9CD,-0.9540308900954334,-0.9952694759044258,0.3731058998650031,0.05868531197380299,0.15657415278525277,-0.18939776139724288,0.7970323662524275,0.03438594704574116,-0.13894787631286173,R-loop-program-low
TCGA-ZS-A9CE,-0.5485216301767439,-0.7646687100798596,-0.41673023960444805,-0.5491491407507706,-0.9315410155481472,0.23136593109641598,0.3412127683084491,-2.2041271187530462,-0.5108731207397483,R-loop-program-low
TCGA-ZS-A9CF,0.9525816003216305,0.797309035636234,0.11718868301352618,-0.5910678710599677,0.24395416051937635,0.05738073130674773,0.212933058091035,-0.7421732642595266,0.11605805527031265,R-loop-program-high
TCGA-ZS-A9CG,-1.6131557339316414,-0.8462239016982538,-0.15341330974544448,-0.1290790106436025,-0.2605611038722611,-0.3825615256566143,-0.32622583797720844,-0.6983050736542631,-0.40345247522283506,R-loop-program-low
